щЯУхЬЛшекхнРуАРчП╛ш▓иц╗┐щбНхЕНщБЛуАСшИ╣хЮЛшек ф╕НцШУц╗СшР╜щЪ▒х╜вшек щЯУхжЮх┐ЕхВЩ цнгщЯУцвЭч┤ЛшекчЯншекч┤ашЙ▓шекц╖║хПгшекцгЙшекщЯУшекщЯУхЬЛшекхе│шекхУИхЫЙхЦмф╝К ф║дцПЫчжочЙй,33.0,99196,14092
уАРчП╛ш▓ихЕНщБЛуАСщЯУхЬЛшекхнР хЯ║цЬмцм╛ч┤ашЙ▓шек х┐лщАЯхЗ║ш▓и цнгщЯУх░Схе│шек чФ╖шек ф╕нчнТшекщХ╖шек щЯУшекщЯУхЬЛшекшИ╣хЮЛшекчЯншекцгЙшек щЯУхжЮх┐ЕхВЩ хУИхЫЙхЦмф╝К,29.0,261328,40701
Anyshop щЯУхЬЛшек ETNAч╢УхЕ╕ч┤ашЙ▓шек ч┤ашек ф╕нчнТшек щХ╖шек ч┤ашЙ▓щХ╖шек ч┤ашек 00101 щЯУшек щЯУхЬЛшекхнР ф╕нчнТшек шекхнР,29.0,244272,29263
AnyshopщЯУхЬЛшек ETNAч╢УхЕ╕ч┤ашЙ▓щЪ▒х╜вшек х╛Мш╖Яцнвц╗Сшек щЪ▒х╜вшек ч┤ашЙ▓шек шИ╣хЮЛшек це╡чЯншек щЯУхЬЛшек щЯУхЬЛшекхнРN1601,37.0,123374,15632
MITхП░чБгшек чд╛щаншг╜щАа х╖ех╗ачЫ┤щК╖ шИТщБйуАБшАРчй┐ х╖еф╜ЬшекуАБхн╕чФЯшекуАБф╝СщЦТшекуАБчФ╖хе│щБйчй┐уАБшекхнРуАБф╕нчнТшекуАБчЯншекуАБчд╛щаншекхнР чФ╖хе│щБйчй┐0,11.0,26148,993
уАРш╢│ч╛ОциВшекхУБуАСMITш╢ЕхА╝хДкцГа!!(ф╕АшИмх░║хп╕уАБхКахдзх░║чв╝)х╖ех╗ачЫ┤щК╖хГ╣шИТщБйуАБшАРчй┐х╖еф╜ЬшекуАБхн╕чФЯшекуАБф╝СщЦТшекуАБчФ╖хе│щБйчй┐,8.0,157705,4721
цпПщЫЩ5хЕГцЙ╣чЩ╝ хе│шек чФ╖шек щАЪчФи шекхнР чФ╖хгл ф╜Ох╣л ч┤ФшЙ▓ шИ╣шек хР╕ц▒Ч щАПц░г ц╖║хПг щШ▓шЗн чЯншек щ╗СчЩ╜чБ░ хн╕чФЯшекхнР щЩдшЗншг╕шек,5.0,35999,320
хП░чБгчП╛ш▓и щЯУчЙИх░Схе│шек ф╕нчнТ щХ╖чнТ шекхнР хе│ ч│ЦцЮЬ хПпцДЫ цгЙшек шИ╣шек шЦДцм╛ щЯУчЙИ чзЛхЖм хн╕щЩв ц╜оц╡Б шАРчй┐ щАПц░г цгЙшек,18.0,909,93
шекхнРчФ╖ц╜очЯншекхдПхнгшЦДцм╛ч┤ФцгЙчЯнчнТшИ╣шекф╜Ох╣лц╖║хПгчФ╖хглхдПхдйщБЛхЛХхР╕ц▒ЧщАПц░г,10.0,7980,323
чП╛ш▓и цЩВх░ЪчЩ╛цРнф╕нчнТшек шекхнР щ╗СчЩ╜щАахЮЛщХ╖шек ш╢ЕщлШCPхА╝ хе│шек ф╕нч╡▒шек ш╕Эшек цгЙшекуАРD080уАС,28.0,16137,3142
чП╛ш▓и ц╜оц╡Бф╕нчнТшек ш╕Эшек ф╕нч╡▒шек ч┤ашЙ▓шек ц╜оц╡БчЩ╛цРн цгЙшек шекхнРуАРD092уАС,20.0,21816,3971
чП╛ш▓и ч┤ашЙ▓ф╕нчнТшек шекхнР ш╕Эшек ф╕нчнТшек ч┤ашЙ▓шек ц╜оц╡БчЩ╛цРн хе│шек цгЙшек шекхнРхе│уАРD032уАС,20.0,68073,7563
чЖ▒щК╖цЦ░хУБ ч╢ашЙ▓шП▒ца╝ф╕нчнТшек ца╝ч┤Лщви хе│шек чЩ╛цРншекхнР хДкш│кцгЙшек ф╕нх╣лшекхнР щлШCPхА╝шек чФ╖шек хе│шек хПпхЕТх░ПхзР,19.0,5878,769
хНбщАЪф╕нчнТшек чзЛхЖмшЧЭцЦЗхн╕щЩвщвихаЖхаЖшек чЩ╛цРнхТЦшЙ▓хе│шек,15.0,1220,212
MQхоЙх┐Гш│╝чЙй х╛йхПдц╜оц╡Б хП░чБгчП╛ш▓и ц╜оц╡БшИ╣шек х╛йхПдщвичЯнчнТшек YхЮЛщШ▓цОЙш╖ЯщБЛхЛХцгЙшекхнР х╛йхПдчЯншек чФ╖хглчЯншек цЦЗщЭТчЯншек,9.0,24192,1415
ЁЯТХх░ПчЖКчЯншекЁЯТХ чЯншекцШечзЛхнгч┤ФшЙ▓х░ПчЖКшвЬхнРхе│чЩ╛цРнч║пшЙ▓хЕицгЙхе│швЬц╡ЕхПгщЪРх╜вч│ЦцЮЬшЙ▓чЯншвЬшИ╣швЬ,6.0,16647,434
уАКщаРш│╝уАЛшбЭшйХхГ╣!ЁЯОЙхМЕшЙ▓ч╡Дф╕АщЫЩф╕НхИ░хНБхЕГЁЯОЙх╛оцТЮшЙ▓щШ▓чгишЕ│ш╕Эшек,19.0,5,3
цйШхнРх░ПхзРЁЯНКчП╛ш▓и50цм╛чЩ╜шЙ▓ч│╗шекхнР чЖ▒ш│гщЯУчЙИц╜ошек цЧещЯУх░Схе│х┐ГшекхнР хн╕чФЯчЩ╛цРншекхнР ф╕нх╣лшек хн╕щЩвщви цЧеч│╗шекхнР щЯУхжЮ,18.0,2564,225
чП╛ш▓и50цм╛щбПшЙ▓ф╗╗щБ╕ чЖ▒ш│гщЯУчЙИц╜ошек цЧещЯУх░Схе│х┐ГшекхнР хн╕чФЯчЩ╛цРншекхнР ф╕нчнТшек хн╕щЩвщви хПпцДЫ цЧеч│╗шекхнР щЯУхжЮц╜очФ╖х┐ЕхВЩ хПпхЕТх░ПхзР,21.0,27160,2626
50цм╛цЧещЯУх░Схе│х┐ГшекхнР хн╕чФЯ ц│вщ╗Ю чмСшЗЙ ф╕нчнТшек хе╢чЙЫ чзЛхЖмшек хн╕щЩвщви хПпцДЫ цЧеч│╗шекхнР х╜йшЩ╣цвЭч┤Л чФ╖хе│ ц░┤цЮЬшекхнР цГЕф╛╢шек,21.0,7853,1280
хП░чБгчХ╢хдйхЗ║ш▓и щЯУчЙИх░Схе│шек шекхнРхе│ шекхнР чЯншек щЪ▒х╜вшек цгЙчЯншек ч┤ашЙ▓шек цгЙшек шИ╣шек шЦДцм╛ шИ╣хЮЛчЯншек ч│ЦцЮЬцгЙшекхе│шек хе│чЯншек,8.0,32122,1249
(шЭжчЪочЩ╝чеи) MIT чЯншек х╖еф╜Ьшек хП░чБгшг╜ шИ╣шек шИ╣хЮЛшек х╜ИцАзшек хКахдзх░║хп╕ чФ╖шек хе│шек щБЛхЛХшек 1/2шек ф╛┐хоЬшекхнР шекхнР,6.0,28603,817
хП░чБгчП╛ш▓и шИТщБйхОЪцм╛чФ╖чФЯщХ╖шек шОлшШнш┐кшЙ▓ч│╗ ф╕нч╡▒чФ╖шекхнРч│╗хИЧ хКахОЪцпЫхЬИц░гхвКшек ф┐ЭцЪЦшекхнР цпЫшек хОЪх║Хшек чзЛхЖмчй┐цРн W17хОЪ,25.0,42783,3327
Lotso хЛЮшШЗуАРчП╛ш▓иуАСцЧеч│╗шЧНшЙ▓щ┤ищ┤ичЯншек хПпцДЫш╗Яхж╣щви insц╜ошИ╣шек хе│шек шекхнР чй┐цРн #00H161,29.0,7004,1654
чП╛ш▓и ч┤ашЙ▓щХ╖шекф╕нчнТшек ш╢ЕщлШCPхА╝ ф╕нч╡▒шек хе│шек чФ╖шек цгЙшек шекхнРуАРD059уАС,19.0,15771,1749
чП╛ш▓и шекхнР щЯУч│╗цЦЗщЭТщЗЭч╣Фч┤ашЙ▓хаЖхаЖшек ш╢ЕщлШCPхА╝ ф╕нчнТшек хе│шек чФ╖хе│щГ╜хПпчй┐ ф╕нч╡▒шек х╛йхПдчЩ╛цРн щХ╖шек цгЙшекуАРD001уАС,18.0,69020,6075
уАРчП╛ш▓иц╗┐щбНхЕНщБЛуАСщЯУхЬЛшекхнР щХ╖х╜вч╕охПгч┤ашЙ▓шек цнгщЯУ ф╕нчнТшек щХ╖шек чФ╖шекхе│шек щЯУхЬЛшекщЯУшекщЯУхЬЛф╗гш│╝ чФЯцЧечжочЙй щЯУхжЮх┐ЕхВЩ хУИхЫЙхЦмф╝К,39.0,19584,3100
хП░чБгчП╛ш▓и чФ╖чФЯчЯншек19хЕГч│╗хИЧ цЛ╝шЙ▓шИ╣хЮЛшекхнР цЦЗщЭТх╛йхПдшЙ▓ч│╗ щЯУчЙИшек чЯнчнТшек ф╜ОчнТщЫЩч┐╝х╛Мш╖Я цПРшА│шиншиИщШ▓ц╗СшР╜ W08,19.0,8164,880
уАРчП╛ш▓ищАЯчЩ╝уАСшНЙшОУчЖКшекхнРхе│ insц╜очзЛхЖмч╢▓ч┤Еф╕нчнТшек хн╕чФЯхПпцДЫщЯУчЙИхНбщАЪх░ПчЖКщХ╖чнТшек чзЛхЖмцм╛ч▓ЙшЙ▓шекхнР,38.0,462,54
уАРцЦ░х║ЧщЦЛценуАСуАРчП╛ш▓иф╕Лцо║уАСуАРчХ╢хдйхЗ║ш▓иуАСцАзцДЯш╢ЕшЦДшХ╛ч╡▓щВКхРКх╕╢ч╡▓шекхЕзшд▓jjхеЧчФ╖хглхеЧшгЭхБ╜хиШшоКшгЭщАПцШОхдзчв╝щгЫцйЯшек,81.0,26,8
MyWaтДвя╕ПщЯУчЙИшОлшШнш┐кшЙ▓ч│╗шекхнРхе│ цЬЙчФ╖чФЯх░║хп╕ ч┤ашЙ▓щХ╖шек чЯнчнТцгЙшек ф╜ОчнТшек цЧеч│╗ W15,19.0,17523,1485
RggshopЁЯФ╕New Balance NB Logo ф╕нщХ╖шек,170.0,14,3
уАРчП╛ш▓иц╗┐щбНхЕНщБЛуАСщЯУхЬЛшекхнР чДбчЧХч┤ашЙ▓чЯншек чЖ▒щК╖ч╢УхЕ╕цм╛ цнгщЯУ чФ╖шекхе│шек щЯУхжЮх┐ЕхВЩ шИ╣хЮЛшекщЯУшек щЯУхЬЛшекч┤ФцгЙшек ч┤ашЙ▓шек хУИхЫЙхЦмф╝К,35.0,36903,5482
Lotso хЛЮшШЗуАРчП╛ш▓иуАСцЧеч│╗чЙЫц▓╣цЮЬф╕нчнТшек хПпцДЫш╗Яхж╣щви insц╜ощХ╖шек хе│шек шекхнР чй┐цРн #00G080,39.0,11580,2940
чП╛ш▓и ч┤ашЙ▓ф╕нч╡▒шек ф╕нчнТшек ш╢ЕщлШCPхА╝ хе│шек чЯншек чФ╖шек ф╕нч╡▒шек ш╕Эшек цгЙшек шекхнРуАРD059уАС,19.0,10073,1511
уАРчП╛ш▓иц╗┐щбНхЕНщБЛуАСщЯУхЬЛшекхнР ф╕ЦчХМхРНчХл цнгщЯУ шТЩхиЬщ║ЧшОО цв╡ш░╖цШЯхдЬ чЭбшУо хР╢хЦК щХ╖шекхе│шекчФ╖шекф╕нчнТшек щЯУшекщЯУхЬЛшек цгЙшек хУИхЫЙхЦмф╝К,44.0,11629,3418
уАРJKSуАСAGILITY Basic Thin Socks цпЫх╖╛х║Х ф╕нхОЪ шЦДщХ╖шек хХЖхЛЩщХ╖шек шекхнР шЮ║ч┤ЛщХ╖шек [SC35],85.0,4781,978
тЧЦчП╛ш▓иЁЯФещЯУхЬЛчЖ▒ш│гцм╛тЧЧч┤ашЙ▓цм╛тА║ щХ╖шектА║ щЯУхЬЛшекхнР щЯУхЬЛшг╜щАа шекхнР 151Sock чЩ╛цРн ч┤ашЙ▓хЯ║цЬм 20шЙ▓ ETNAч╢УхЕ╕,39.0,24761,3369
уАРч╛ОцИРшекхнРх╖ецИ┐уАСMITх║ЧщХ╖чИЖцОицм╛ ш╢ЕхДкцГахХЖхУБ х╖ех╗ачЫ┤щК╖хГ╣(шИТщБйуАБшАРчй┐)-х╖еф╜ЬшекуАБхн╕чФЯшекуАБф╝СщЦТшекуАБчФ╖хе│щБйчй┐,10.0,131230,4051
3шЙ▓чЯншек чФ╖чЯншек чФ╖чФЯшекхнРуАРш▒мш▒мчЕзщбзф╜ахо╢уАС24HхЗ║ш▓ихП░чБгчП╛ш▓и щБЛхЛХшек цТЮшЙ▓ ш╝ХшЦДщАПц░г цгЙшек хНКч╡▒шек х╜ИцАзшек хР╕ц▒Ч щАПц░г,9.0,28,3
шекхнР хе│шекхнР чЯншек ф╕нчнТшек цгЙшек шИ╣шек чЩ╜шЙ▓шекхнРчзЛхнгцм╛хе│insц╜очЩ╛цРнщЯУчЙИ ф╕нчнТхПпцДЫцЧеч│╗цЙ╣чЩ╝хдПхнгхн╕чФЯщХ╖чнТшек,52.0,1,0
уАРцЦ░цм╛чП╛ш▓ичзТхЗ║уАСуАРф╕нчнТшекуАБчЯнчнТшекуАСхе│шек шекцОз щЯУч│╗ цЧеч│╗ х░Схе│ цЦЗщЭТ хн╕чФЯ хПпцДЫ цгЙшек щ╗Ющ╗Ю ца╝ч┤Л цвЭч┤Л ч┤ашЙ▓,7.0,13432,562
уАМце╡ч░бхо╢х▒ЕуАНщ▒╖щнЪчФ╖шекхе│х╝ПхЛХчЙйщпКщнЪ щпКщнЪшоКшЙ▓щ╛НшекхнР цРЮчмС,169.0,278,28
уАРKT USAуАСNew balanceшекхнР NBшекхнР хИ║ч╣бцм╛ щБЛхЛХшек ф╕Ач╡Дф╕ЙхЕе хИ║ч╣бх░ПциЩ ф╕нчнТшек хдзхЬ░шЙ▓ч│╗,749.0,195,67
хЯ║цЬмцм╛ щ╗СчЩ╜шЙ▓ ч┤ашЙ▓ ф╕н/щХ╖чнТшек шекхнР щХ╖шек чй┐цРн цРнщЕН ц╗СцЭ┐ шбЧшИЮ ц╜оц╡Б чЩ╛цРн ф╕нчнТшек щХ╖чнТшек цгЙшекуАРK070уАС,39.0,6643,1378
уАРJKSуАСAGILITY Basic Plain Socks цпЫх╖╛х║Х хОЪщХ╖шек хЯ║чдОщХ╖шек шекхнР шЮ║ч┤ЛщХ╖шек [SC45-2],105.0,51491,12534
цШехдПцЦ░цм╛ щЯУчЙИшЧНшЙ▓NASAшекхнР ф╕нчнТшек ц╜ошек INSщвишекхнР цЧеч│╗хОЯхо┐щвихн╕чФЯщБЛхЛХщХ╖шек цГЕф╛╢шекхнР хПпхЕТх░ПхзР,21.0,3320,600
ЁЯФеш│ацЬмхЗ║ц╕ЕЁЯФечП╛ш▓и24х░ПцЩВхпДхЗ║ЁЯЪЪЁЯЪЪхЗ║ц╕Еф╕АщЫЩхПкшжБ6хЕГтА╝я╕Пце╡ч░бчЩ╛цРнщАПц░гчЯншек ш▓╖10щЫЩщАБф╕АщЫЩЁЯФеЁЯФечП╛ш▓и24х░ПцЩВхЗ║ш▓и,2.0,14,2
тЬйхП░чБгшг╜тЬй хОЪх║Хшек ц░гхвКшек цпЫх╖╛х║Х  шекхнР чЯншек шИ╣х╜вшек шИ╣хЮЛшек шИ╣шек ф╝СщЦТшек чФ╖хе│щБйчФи ш╢ЕхА╝ уАРцйЩхЕЙх░ПшИЦуАС,20.0,24169,1969
чП╛ш▓и шекхнР чЖКчЖК хЕФхЕФхЬЦцбИф╕нчнТшек ш╕Эшек ф╕нчнТшек ц╜оц╡БчЩ╛цРн щХ╖шек хе│шек цгЙшек шекхнРхе│уАРD211уАС,22.0,2268,571
тЦдтЩжхЕЕш╢│х║лхнШтЬ╕хе│шек чФ╖шек щАЪчФи шекхнР чФ╖хгл ф╜Ох╣л ч┤ФшЙ▓ шИ╣шек хР╕ц▒Ч щАПц░г ц╖║хПг щШ▓шЗн чЯншек щ╗СчЩ╜чБ░ хн╕чФЯшекхнР щЩдшЗншг╕шек,4.0,0,0
цХ▓чвЧцм╛ЁЯзжцИСцЬАх╕╕чй┐цРнчЪДф╕Ацм╛шИТцЬНхЭСцвЭчЩ╜шек чП╛ш▓ихпжцЛН щЧЖхиШшЗкчХЩ хКаш│╝цКШцЙгцм╛ цШехдПчй┐цРнх┐ЕхВЩ,39.0,10,3
уАРJKSуАСAGILITY Stripe Basic Socks цЧеч│╗ цпЫх╖╛х║Х цвЭч┤Лшек хОЪшек шекхнР ф╕ншек [SC53],120.0,1017,288
уАРJKSуАСAGILITY Coolmax Basic Socks хЯ║чдОцм╛ ц╢╝цДЯч┤Ч цпЫх╖╛х║Х ф╕ншек щХ╖шек шекхнР [C7S5],130.0,6404,1740
цЧеч│╗хн╕щЩвщвишЧНшЙ▓ч│╗х░ПчЖКф╕нчнТшек хдПхнг хдЪшЙ▓цМСщБ╕ чЩ╛цРн х╛йхПд хМЕшЙ▓ хПпцДЫшек ц╜ошек чЩ╛цРн хн╕чФЯшек ч┤ФшЙ▓ цЧеч│╗ цЦЗщЭТшек щХ╖шек щАПц░г,29.0,8,1
цвЭч┤ЛчЯншекуАРх░Пщ║еш│╝чЙйуАС24HхЗ║ш▓ихП░чБгчП╛ш▓иуАРE094уАСхн╕чФЯшек чФ╖шек хе│шек цгЙшек шИТщБй щАПц░г хдЪшЙ▓шек ч┤ашЙ▓шекхнР щЗЭч╣Фшек ф╜ОчнТ,15.0,169,24
чП╛ш▓и чЯншек шекхнР цгЙчЯншек щАПц░гшекхнР цТЮшЙ▓ щАПц░г цгЙшек щЪ▒х╜вшек хНКчнТшек х╜ИцАзшек уАРD016уАС,9.0,56271,4095
тЬиуАРчО░ш┤зчзТхПСуАСтЬич▒ГчРГшекщЪ▒х╜вщБЛхЛХц╜ощШ▓шЗнч╢▓чЬ╝ш╝ХшЦДщАПц░гх╜ИцАзхР╕ц▒ЧщЯУчЙИцгЙшекхнРц╜оц╡БхнРчФ╖хглхКахОЪчЯншекцпЫх╖╛х║ХщШ▓шЗнщАЯф╣╛ш╖СцнешекцИ╢хдЦщБЛхЛХшекхнРцгЙ,18.0,14512,833
я╜ЫхДкцГаф┐ГщК╖ф╕ня╜ЭцнРч╛О чзТцо║я╝Оф╕нчнТшекя╝ПшекхнРя╝ПчФ╖хе│хПпчй┐я╝ПшЧЭшбУя╝ПщЫЩшЙ▓шекя╝ПхЬЦцбИя╝ПхН░шК▒я╝Пшекя╝ПцгЙшекя╝Пч╢▓ч┤Ея╝ПхЙ╡цДПя╝ПшиншиИ,190.0,2352,353
тШЖLimeLightтШЖ чЩ╛цРн ч┤ФцгЙ ф╕нч╡▒шек цпЫх╖╛х║Х ф╕нчнТшек ч┤ашЙ▓шек ч┤ащЭв щХ╖шек шекхнР ч┤ашЙ▓ щ╗С чЩ╜ чй┐цРнх┐ЕхВЩ ч┤ФцгЙ,45.0,169,24
